upc,title,category,price_listing_gbp
24933c712f0bca2f,The Constant Princess (The Tudor Court #1),Historical Fiction,16.62
657fe5ead67a7767,Untitled Collection: Sabbath Poems 2014,Poetry,14.27
3fd83dcf37bf1bc0,"Fruits Basket, Vol. 5 (Fruits Basket #5)",Sequential Art,16.33
07806456878931bc,Seven Days in the Art World,Add a comment,52.33
6c4d17a46cac8787,Hungry Girl Clean & Hungry: Easy All-Natural Recipes for Healthy Eating in the Real World,Food and Drink,33.14
6e8e5626ac4d279e,1491: New Revelations of the Americas Before Columbus,History,21.8
47e1b2d43f709995,Mothering Sunday,Fiction,13.34
7980fa06f2b704d8,"Miracles from Heaven: A Little Girl, Her Journey to Heaven, and Her Amazing Story of Healing",Nonfiction,57.83
b53db2271c9624f7,Redeeming Love,Christian Fiction,20.47
f6ae39568db1130e,A New Earth: Awakening to Your Life's Purpose,Spirituality,55.65
88ec621893e595d0,You Are a Badass: How to Stop Doubting Your Greatness and Start Living an Awesome Life,Self Help,12.08
65d034adf80834b7,"Fables, Vol. 1: Legends in Exile (Fables #1)",Sequential Art,41.62
6263c1d2997b8ce0,The Nanny Diaries (Nanny #1),Womens Fiction,52.53
09b6cc87e62c2c58,Danganronpa Volume 1,Sequential Art,51.99
bddc6fd036eb6279,Hide Away (Eve Duncan #20),Mystery,11.84
f3c76b53b239f511,The Course of Love,Fiction,16.78
9e28048cea8d41f7,First and First (Five Boroughs #3),Romance,15.97
d9290e99f189ce84,Alight (The Generations Trilogy #2),Default,58.59
9e9932ae1a7d0943,The Silent Twin (Detective Jennifer Knight #3),Fantasy,36.25
9efb397067eb7e8a,"Rhythm, Chord & Malykhin",Romance,28.34
c6bf14cb901c63ac,"The Elegant Universe: Superstrings, Hidden Dimensions, and the Quest for the Ultimate Theory",Science,13.03
f5a92cff83897d48,The Stranger,Philosophy,17.44
d4a29356fc992879,It's Never Too Late to Begin Again: Discovering Creativity and Meaning at Midlife and Beyond,Nonfiction,42.38
6053ddf69c967d5f,The Pilgrim's Progress,Classics,50.26
34669b2e9d407d3a,"10% Happier: How I Tamed the Voice in My Head, Reduced Stress Without Losing My Edge, and Found Self-Help That Actually Works",Nonfiction,24.57
bdf415fd484ea8a7,"Bitch Planet, Vol. 1: Extraordinary Machine (Bitch Planet (Collected Editions))",Sequential Art,37.92
fa26798728f5208f,The Paris Wife,Default,36.8
33396269bcce166f,The Flowers Lied,Default,16.68
41164b8ac02a2c42,Aristotle and Dante Discover the Secrets of the Universe (Aristotle and Dante Discover the Secrets of the Universe #1),Young Adult,58.14
51653ef291ab7ddc,This One Summer,Sequential Art,19.49
2b69d289279aabfd,Dark Lover (Black Dagger Brotherhood #1),Romance,12.87
63d5f1651880dcea,A Shard of Ice (The Black Symphony Saga #1),Fantasy,56.63
148715df5a02ea5e,Tipping Point for Planet Earth: How Close Are We to the Edge?,Science,37.55
163d89116179c33f,What If?: Serious Scientific Answers to Absurd Hypothetical Questions,Default,53.68
92275cedf6d8ee15,"We Are Robin, Vol. 1: The Vigilante Business (We Are Robin #1)",Sequential Art,53.9
54aeeb4610d3ae08,Naked,Humor,31.69
d195e7f4ed697350,Agnostic: A Spirited Manifesto,Nonfiction,12.51
9cc207168a03470d,The Perfect Play (Play by Play #1),Romance,59.99
eff24325e0ede639,Harry Potter and the Prisoner of Azkaban (Harry Potter #3),Young Adult,24.17
ad2887ce04583910,Don't Get Caught,Young Adult,55.35
d9c643fa1fc57bdb,Poses for Artists Volume 1 - Dynamic and Sitting Poses: An Essential Reference for Figure Drawing and the Human Form,Default,41.06
6e9403f00acd6752,'Salem's Lot,Horror,49.56
2a1b3d967cda1da2,Tell the Wolves I'm Home,Young Adult,50.96
1ad06aed9349af46,A People's History of the United States,Add a comment,40.79
3f69e667a67e54d9,Beauty Restored (Riley Family Legacy Novellas #3),Default,11.11
e46b1074b99ac4b6,Dracula the Un-Dead,Horror,35.63
c4182bdb53e2459a,The Darkest Corners,Young Adult,11.33
8e0bc2fe4e7d35b5,Boy Meets Boy,Young Adult,21.12
d24b829be2ca81c4,Anonymous,Default,46.82
f435aa99d864077d,Sleeping Giants (Themis Files #1),Science Fiction,48.74
2ef5dc7e278e562a,Ready Player One,Science Fiction,19.07
38d45839cb1c83c1,Algorithms to Live By: The Computer Science of Human Decisions,Nonfiction,30.81
4fa75fc6829431ca,Every Heart a Doorway (Every Heart A Doorway #1),Fantasy,12.16
99ff4cc6491e8f5c,The Mistake (Off-Campus #2),New Adult,43.29
a33ed2e6068df53e,"The Wicked + The Divine, Vol. 3: Commercial Suicide (The Wicked + The Divine)",Sequential Art,14.41
bf5de316a5e9a4ab,Doctor Sleep (The Shining #2),Horror,40.12
e956d67c9bcc5809,The Girl on the Train,Default,55.02
e2e7b683b4c15b7d,Catching Jordan (Hundred Oaks),Young Adult,50.83
d1848064c54e01c7,Watchmen,Add a comment,58.05
53a3d11bb568cc8b,"Saga, Volume 5 (Saga (Collected Editions) #5)",Sequential Art,51.04
708345c9897fd7c5,Lady Midnight (The Dark Artifices #1),Default,16.28
64fd010bf8d15096,The Children,Add a comment,11.88
1fbb5f786e53a0ce,Angels Walking (Angels Walking #1),Add a comment,34.2
3c456328b04a8ee8,The Red Tent,Historical Fiction,35.66
3fc9d51d1c4d6ba7,Something Blue (Darcy & Rachel #2),Womens Fiction,54.62
2da5edf8b5776c9a,The Mysterious Affair at Styles (Hercule Poirot #1),Mystery,24.8
e0bdd79c7304ee8d,The Unlikely Pilgrimage of Harold Fry (Harold Fry #1),Default,43.62
36d5884d44484277,Dune (Dune #1),Science Fiction,54.86
81372abc86f65c79,Disrupted: My Misadventure in the Start-Up Bubble,Nonfiction,15.28
4ef75307fb64e2ad,Lila (Gilead #3),Fiction,12.47
1f329c2e7d7de8bd,Big Magic: Creative Living Beyond Fear,Nonfiction,30.8
7ffebdd1d5148aef,Sister Dear,Fiction,40.2
b8d7b3f5c7a95d65,Psycho: Sanitarium (Psycho #1.5),Horror,36.97
b003f8bb02f76dc5,Heir to the Sky,Fantasy,44.07
7267864328ae8b9d,Crown of Midnight (Throne of Glass #2),Fantasy,43.29
1a5044d233936b1a,The Rise of Theodore Roosevelt (Theodore Roosevelt #1),Biography,42.57
15f415d436888b2d,"Black Butler, Vol. 1 (Black Butler #1)",Sequential Art,49.31
c300cc9326592b65,Gratitude,Nonfiction,26.66
7d6d2a6c0276f81b,The Activist's Tao Te Ching: Ancient Advice for a Modern Revolution,Spirituality,32.24
16e843e6b853cc2f,Lady Renegades (Rebel Belle #3),Young Adult,53.04
913e7109cec0cb4c,Nap-a-Roo,Childrens,25.08
b69c852e7e3956af,When Breath Becomes Air,Nonfiction,39.36
a4eef523118805ef,"A la Mode: 120 Recipes in 60 Pairings: Pies, Tarts, Cakes, Crisps, and More Topped with Ice Cream, Gelato, Frozen Custard, and More",Food and Drink,38.77
1528279aec1f3dce,The Star-Touched Queen,Fantasy,46.02
081305e6df719dff,The Testament of Mary,Fiction,52.67
f77dbf2323deb740,The Requiem Red,Young Adult,22.65
1b8187fa4bf6ab05,The 14th Colony (Cotton Malone #11),Thriller,39.24
4a823d80aa30dbb0,Please Kill Me: The Uncensored Oral History of Punk,Music,31.19
d4de23aa98acc65b,The Shining (The Shining #1),Default,27.88
510832818edb6fbc,Scarlet (The Lunar Chronicles #2),Young Adult,14.57
4881cc53f6c8892f,The Literature Book (Big Ideas Simply Explained),Nonfiction,17.43
2c04320e110a14a3,Take Me with You,Fiction,45.21
d234ddecef49ef4e,"David and Goliath: Underdogs, Misfits, and the Art of Battling Giants",Default,17.81
bd26e8a79a856c31,John Vassos: Industrial Design for Modern Life,Default,20.22
5dada2b7be26bd03,The Elephant Tree,Thriller,23.82
2b685187f55c5d31,The Travelers,Thriller,15.77
1c0a38899c82b60a,"Death Note, Vol. 5: Whiteout (Death Note #5)",Sequential Art,52.41
39592d9d72e717c4,Of Mice and Men,Classics,47.11
04f6c929888f4f11,Why Not Me?,Nonfiction,17.76
e7e87087b1a44711,"Vampire Knight, Vol. 1 (Vampire Knight #1)",Paranormal,15.4
d069086944f2e330,Can You Keep a Secret? (Fear Street Relaunch #4),Horror,48.64
132adf7335bb384a,Settling the Score (The Summer Games #1),Sports and Games,44.91
66937c669c4da072,Dark Places,Default,23.9
70ed59f194b3c556,A World of Flavor: Your Gluten Free Passport,Default,42.95
0e691eda369f4e09,Princess Between Worlds (Wide-Awake Princess #5),Fantasy,13.34
c53d9fefcda371e9,Life Without a Recipe,Autobiography,59.04
4f19709e47883df5,Meditations,Philosophy,25.89
5b546a46a86a9d8c,Benjamin Franklin: An American Life,Biography,48.19
2dbb7ec08cdd7f3c,The Glittering Court (The Glittering Court #1),Fantasy,44.28
024387ca4cafd5cc,You (You #1),Thriller,43.61
4b3f4f151c99f472,"Life, the Universe and Everything (Hitchhiker's Guide to the Galaxy #3)",Science Fiction,33.26
dab0196cd5fc8e5e,When You Are Engulfed in Flames,Humor,30.89
621e2c310cec8d32,Green Eggs and Ham (Beginner Books B-16),Childrens,10.79
de3f25248ba0789f,Thomas Jefferson and the Tripoli Pirates: The Forgotten War That Changed American History,History,59.64
08b2f71d93836313,The Wright Brothers,Default,56.8
bd087cf6a846db75,"Sit, Stay, Love",Romance,20.9
0ec9d2b018fb10d8,The Republic,Add a comment,33.78
4280ac3eab57aa5d,The Girl You Lost,Mystery,12.29
8682c03de6a844ff,A Man Called Ove,Fiction,39.72
099fae4a0705d63b,"Bleach, Vol. 1: Strawberry and the Soul Reapers (Bleach #1)",Sequential Art,34.65
a492f49a3e2b6a71,Frankenstein,Default,38.0
012170e4fc87ace0,Give It Back,Thriller,18.32
cb17945cb90b7837,The Fellowship of the Ring (The Lord of the Rings #1),Default,10.27
992974ba6a0536ea,The Hidden Oracle (The Trials of Apollo #1),Fantasy,52.26
e049d44c4f1cf1b2,Ender's Game (The Ender Quintet #1),Default,43.64
a812f6969ddf3e39,Choosing Our Religion: The Spiritual Lives of America's Nones,Religion,28.42
47271d8e08b5d31c,Batman: The Dark Knight Returns (Batman),Sequential Art,15.38
60369d96b7b80869,Where She Went (If I Stay #2),Young Adult,41.73
12a90b90283b2e6d,Mexican Today: New and Rediscovered Recipes for Contemporary Kitchens,Food and Drink,24.91
ffd54178acc9a6a5,Amatus,Default,50.54
deda3e61b9514b83,"Our Band Could Be Your Life: Scenes from the American Indie Underground, 1981-1991",Music,57.25
c1379d3744f1dd2c,"A Series of Catastrophes and Miracles: A True Story of Love, Science, and Cancer",Add a comment,56.48
860318b8e244f39c,Black Flags: The Rise of ISIS,Nonfiction,40.87
1c929cfd16b71907,Scarlett Epstein Hates It Here,Young Adult,43.55
d512871626a5e588,Luckiest Girl Alive,Default,49.83
08decd9664e5d56e,The Book of Basketball: The NBA According to The Sports Guy,Sports and Games,44.84
9189fd009df41d0e,"Saga, Volume 2 (Saga (Collected Editions) #2)",Sequential Art,11.75
6fd646a334e6e133,What's It Like in Space?: Stories from Astronauts Who've Been There,Nonfiction,19.6
6fe02600f322a0a9,"Hawkeye, Vol. 1: My Life as a Weapon (Hawkeye #1)",Sequential Art,45.24
c5f91eb481427dc5,When I'm Gone,Fiction,51.96
aadee1c326d286e3,The Most Perfect Thing: Inside (and Outside) a Bird's Egg,Science,42.96
4fd0a2a350f016e6,Unlimited Intuition Now,Default,58.87
03cbb67c0f990d87,A Game of Thrones (A Song of Ice and Fire #1),Add a comment,46.42
2173a2ce35f6ace1,"Trespassing Across America: One Man's Epic, Never-Done-Before (and Sort of Illegal) Hike Across the Heartland",Nonfiction,53.51
366a236aa1ea6f07,The Road to Little Dribbling: Adventures of an American in Britain (Notes From a Small Island #2),Travel,23.21
487449f4f6322f0f,The Catcher in the Rye,Add a comment,24.55
3d250ab0f12be445,The Collected Poems of W.B. Yeats (The Collected Works of W.B. Yeats #1),Poetry,15.42
d8292cd5f1aca291,"In the Garden of Beasts: Love, Terror, and an American Family in Hitler's Berlin",Nonfiction,28.85
ac8e3949d284e9a9,Superman Vol. 1: Before Truth (Superman by Gene Luen Yang #1),Sequential Art,11.89
7b75cc7f223791f4,"Layered: Baking, Building, and Styling Spectacular Cakes",Food and Drink,40.11
6587f46697fc4443,The Hound of the Baskervilles (Sherlock Holmes #5),Classics,14.82
3063c7e95d0bf76f,The Gray Rhino: How to Recognize and Act on the Obvious Dangers We Ignore,Add a comment,59.15
31e2e2d9cca3778f,"Red Hood/Arsenal, Vol. 1: Open for Business (Red Hood/Arsenal #1)",Sequential Art,25.48
8d4eefad7a2b3915,"I Hate Fairyland, Vol. 1: Madly Ever After (I Hate Fairyland (Compilations) #1-5)",Sequential Art,29.17
ef49db2aaa9bb547,Catastrophic Happiness: Finding Joy in Childhood's Messy Years,Parenting,37.35
8a380641491d43ed,"A Piece of Sky, a Grain of Rice: A Memoir in Four Meditations",Default,56.76
634b7165c96ebb9f,Zero History (Blue Ant #3),Default,34.77
6d5300b2d8f37e07,"Avatar: The Last Airbender: Smoke and Shadow, Part 3 (Smoke and Shadow #3)",Fantasy,28.09
b5ea0b5dabed25a8,The Secret of Dreadwillow Carse,Childrens,56.13
acddfeab2a407640,Without Borders (Wanderlove #1),New Adult,45.07
b0e479be03911916,"Run, Spot, Run: The Ethics of Keeping Pets",Philosophy,20.02
0bbc48294707ba96,Blink: The Power of Thinking Without Thinking,Nonfiction,21.74
ca71e72655bece85,Something More Than This,Romance,16.24
40c4bf520c17de54,A Gentleman's Position (Society of Gentlemen #3),Romance,14.75
bd261725b99f5983,The Death of Humanity: and the Case for Life,Philosophy,58.11
8d8e9f9b8730eb25,Ship Leaves Harbor: Essays on Travel by a Recovering Journeyman,Default,30.6
94bb629a3f6dd00b,Digital Fortress,Fiction,58.0
2e40333991f56f45,For the Love: Fighting for Grace in a World of Impossible Standards,Nonfiction,45.13
dfd9ff1f343cdaff,The Little Paris Bookshop,Fiction,24.73
23310ce84d3c9f85,Gone with the Wind,Classics,32.49
e80f8e518b300dfe,"Pop Gun War, Volume 1: Gift",Sequential Art,18.97
3968e3fbf4695d7c,Equal Is Unfair: America's Misguided Fight Against Income Inequality,Politics,56.86
45045146dbf7b009,Isla and the Happily Ever After (Anna and the French Kiss #3),Young Adult,48.13
38199c5d7da0c0ef,Shopaholic Ties the Knot (Shopaholic #3),Womens Fiction,48.39
b6f1cfadc4dd79d4,Off Sides (Off #1),New Adult,39.45
6a57286a8890d8c5,The Jazz of Physics: The Secret Link Between Music and the Structure of the Universe,Nonfiction,38.71
8976d9161c027142,Quench Your Own Thirst: Business Lessons Learned Over a Beer or Two,Business,43.14
4781b6bfd6f7a2c5,"Chronicles, Vol. 1",Music,52.6
47f4fd3e8e1dac05,The Glass Castle,Add a comment,16.24
3b9a3b4624b7fd6d,"Daring Greatly: How the Courage to Be Vulnerable Transforms the Way We Live, Love, Parent, and Lead",Nonfiction,19.43
3fc124f59f3068e4,Foundation (Foundation (Publication Order) #1),Science Fiction,32.42
24af96df0bafb925,Looking for Lovely: Collecting the Moments that Matter,Nonfiction,29.14
b0913e67d38d5ed5,The No. 1 Ladies' Detective Agency (No. 1 Ladies' Detective Agency #1),Mystery,57.7
4d3a4c7b442a9a4e,"Love That Boy: What Two Presidents, Eight Road Trips, and My Son Taught Me About a Parent's Expectations",Nonfiction,25.06
077b635ff2afc578,Will You Won't You Want Me?,Womens Fiction,13.86
4a0a276409968a73,The Guernsey Literary and Potato Peel Pie Society,Historical Fiction,49.53
3cdca3b4a93980f5,"Rat Queens, Vol. 1: Sass & Sorcery (Rat Queens (Collected Editions) #1-5)",Sequential Art,46.96
a86972014275e072,The First Hostage (J.B. Collins #2),Fiction,25.85
55f9da0c5eea2e10,You can't bury them all: Poems,Poetry,33.63
5569c3fea112718e,M Train,Autobiography,27.18
a1985630339f4b3d,Old Records Never Die: One Man's Quest for His Vinyl and His Past,Music,55.66
f3a0b8c835129558,The Bhagavad Gita,Religion,57.49
be3db344a845580b,We Are All Completely Beside Ourselves,Contemporary,24.04
0e4e2d31c2fb3aad,Walk the Edge (Thunder Road #2),Young Adult,32.36
0345872b14f9e774,The Origin of Species,Science,10.01
5fbd03b1ac0a0e69,The 7 Habits of Highly Effective People: Powerful Lessons in Personal Change,Default,33.17
5a6b7155f2797537,Harry Potter and the Order of the Phoenix (Harry Potter #5),Fantasy,31.63
4e980425468708da,Delivering the Truth (Quaker Midwife Mystery #1),Mystery,20.89
f3c70d296ec796c4,Catherine the Great: Portrait of a Woman,History,58.55
72f9d5be3472d34e,"Mama Tried: Traditional Italian Cooking for the Screwed, Crude, Vegan, and Tattooed",Food and Drink,14.02
d5f5a122a593b580,"Fruits Basket, Vol. 3 (Fruits Basket #3)",Sequential Art,45.17
d6361d16212664ed,The Shadow Hero (The Shadow Hero),Sequential Art,33.14
2c34f9432069b52b,Arena,Science Fiction,21.36
bee3672891cca906,Call the Nurse: True Stories of a Country Nurse on a Scottish Isle,Nonfiction,29.14
970bd3316219e7dc,The Case for Christ (Cases for Christianity),Add a comment,47.84
dc6f688b82e42a5b,The Bane Chronicles (The Bane Chronicles #1-11),Fantasy,44.73
3c346ab1e76ae1f6,Obsidian (Lux #1),Young Adult,14.86
56a34d0cec11d6b0,Fun Home: A Family Tragicomic,Add a comment,56.59
fef91502cbacf23a,"A Murder Over a Girl: Justice, Gender, Junior High",Nonfiction,13.2
9270575728a13a61,"William Shakespeare's Star Wars: Verily, A New Hope (William Shakespeare's Star Wars #4)",Science Fiction,43.3
7284d85428305f5a,If I Stay (If I Stay #1),Default,38.13
c88422d8959260ab,The Goldfinch,Default,43.58
5ee94540d0749ea0,The Past Never Ends,Mystery,56.5
8dde2ff3f6fcc0a3,Killing Floor (Jack Reacher #1),Thriller,31.49
7b599c8bfcdd8d30,Camp Midnight,Sequential Art,17.08
87beabf664115d79,A Storm of Swords (A Song of Ice and Fire #3),Fantasy,31.22
be5cc846f45496fb,Behind Closed Doors,Thriller,52.22
582a21a1dbbef3cf,The Lonely City: Adventures in the Art of Being Alone,Nonfiction,33.26
1d89a2aa9f6ce50f,Awkward,Sequential Art,38.02
48736df57e7bec9f,The Great Railway Bazaar,Travel,30.54
c9770bb1d5a492a0,A Heartbreaking Work of Staggering Genius,Autobiography,54.29
09d26b5f819c6a36,"Y: The Last Man, Vol. 1: Unmanned (Y: The Last Man #1)",Sequential Art,18.51
8754c83ab2a7ae71,"Codename Baboushka, Volume 1: The Conclave of Death",Sequential Art,36.72
61bc8167c9680283,Two Boys Kissing,Young Adult,32.74
4130678275eb7c8c,The Sense of an Ending,Add a comment,31.38
9707989a439757b4,Prodigy: The Graphic Novel (Legend: The Graphic Novel #2),Sequential Art,43.63
4b9d9cfe0f435788,Crazy Love: Overwhelmed by a Relentless God,Christian,47.72
c7d160c2c0de586f,America's Cradle of Quarterbacks: Western Pennsylvania's Football Factory from Johnny Unitas to Joe Montana,Default,22.5
6983328f15506cb9,Eleanor & Park,Default,56.51
ac27ab4bcd9c492e,Something Borrowed (Darcy & Rachel #1),Womens Fiction,48.96
0e0dcc3339602b28,Shoe Dog: A Memoir by the Creator of NIKE,Business,23.99
20dc4f1ac5d4fd9c,Keep Me Posted,Womens Fiction,20.46
dfb0849016bc122c,The Bette Davis Club,Fiction,30.66
ebf81a62e4798fd1,Raspberry Pi Electronics Projects for the Evil Genius,Default,49.67
2ba5ccc84d35006c,"Orchestra of Exiles: The Story of Bronislaw Huberman, the Israel Philharmonic, and the One Thousand Jews He Saved from Nazi Horrors",Music,12.36
5439bae708bca198,Beautiful Creatures (Caster Chronicles #1),Default,21.55
ce42e3de94226b2b,Sugar Rush (Offensive Line #2),Sports and Games,24.42
b757c0c361e689ce,On a Midnight Clear,Add a comment,14.07
ba54932df84e8cea,Library of Souls (Miss Peregrine’s Peculiar Children #3),Young Adult,48.56
0e94a089328be4bc,Daily Fantasy Sports,Default,36.58
c44c5e1425475206,Les Fleurs du Mal,Poetry,29.04
8e9dd8431170c09e,Rework,Business,44.88
e7469e22b5bfb3e7,The Art of War,Default,33.34
047dfa57ba0bf638,"Eat Fat, Get Thin",Health,54.07
a22124811bfa8350,It's Only the Himalayas,Travel,45.17
ad41c24ccac0c7ce,Angels & Demons (Robert Langdon #1),Default,51.48
0fa6dceead7ce47a,"Princess Jellyfish 2-in-1 Omnibus, Vol. 01 (Princess Jellyfish 2-in-1 Omnibus #1)",Sequential Art,13.61
39eefec3a8498dde,Kill 'Em and Leave: Searching for James Brown and the American Soul,Music,45.05
012094e90a4b908d,The Rosie Project (Don Tillman #1),Default,54.04
08672cd59171d5e4,Beyond Good and Evil,Philosophy,43.38
f51062bf579507d9,The Demon-Haunted World: Science as a Candle in the Dark,Default,52.25
cfeb1e1e0e695b58,Night Sky with Exit Wounds,Poetry,41.05
95019eac1c0a052f,Steve Jobs,Default,39.5
d01ac97e2b8947c2,The Murder That Never Was (Forensic Instincts #5),Fiction,54.11
00bfed9e18bb36f3,Black Dust,Romance,34.53
18b4545a5ed15581,The Communist Manifesto,Add a comment,14.76
36c15687f5ab0f7c,The Lover's Dictionary,Default,58.09
e2d47e82c50d41d9,The Rest Is Noise: Listening to the Twentieth Century,Add a comment,34.77
f732d7d18a91d2ba,The Epidemic (The Program 0.6),Young Adult,14.44
e256de8aa0c2115f,"Born to Run: A Hidden Tribe, Superathletes, and the Greatest Race the World Has Never Seen",Nonfiction,27.35
a278db6b2b09cf9f,Someone Like You (The Harrisons #2),Contemporary,52.79
8c9e6bf2467d740d,"The Inefficiency Assassin: Time Management Tactics for Working Smarter, Not Longer",Default,20.59
eff5710404e2ff78,How to Be a Domestic Goddess: Baking and the Art of Comfort Cooking,Food and Drink,28.25
01d2001ac1e6f8a3,A Court of Thorns and Roses (A Court of Thorns and Roses #1),Fantasy,52.37
b4f5672f68ec3a83,Rogue Lawyer (Rogue Lawyer #1),Add a comment,50.11
5b43cae640f2338a,Luis Paints the World,Childrens,53.95
2d1e337aaf341858,Tastes Like Fear (DI Marnie Rome #3),Mystery,10.69
de4b403cb629a29f,Glory over Everything: Beyond The Kitchen House,Historical Fiction,45.84
dab5e75d1339706a,Vampire Girl (Vampire Girl #1),Fantasy,53.82
bfd5e1701c862ac3,"Ajin: Demi-Human, Volume 1 (Ajin: Demi-Human #1)",Sequential Art,57.06
cd2a2a70dd5d176d,Alice in Wonderland (Alice's Adventures in Wonderland #1),Classics,55.53
37c0cb19713d8dda,The White Cat and the Monk: A Retelling of the Poem “Pangur Bán”,Childrens,58.08
ce1ae197ada2aec4,The Silent Sister (Riley MacPherson #1),Fiction,46.29
2973d38c2fbd7a5c,Remember Me?,Default,11.48
a2dc754afb69bb32,Confessions of a Shopaholic (Shopaholic #1),Default,48.94
f21effc079a2b38a,The Long Haul (Diary of a Wimpy Kid #9),Humor,44.07
ce8666d9b42fc9a0,It Didn't Start with You: How Inherited Family Trauma Shapes Who We Are and How to End the Cycle,Psychology,56.27
a7eef9d6795422c1,Taking Shots (Assassins #1),Default,18.88
e9906e2f0d189745,The Time Keeper,Fiction,27.88
e6635f5b0a2c78db,The Invention of Wings,Historical Fiction,37.34
d3f9c4539c0caa64,Big Little Lies,Fiction,22.11
ad15a9a139919918,Far From True (Promise Falls Trilogy #2),Thriller,34.93
9f6568e9c95f60b0,The Bear and the Piano,Childrens,36.89
a9d7b75461084a26,11/22/63,Fiction,48.48
e77033ce559947f7,"Zero to One: Notes on Startups, or How to Build the Future",Nonfiction,34.06
8fab4c4f6f82a4ce,If I Gave You God's Phone Number....: Searching for Spirituality in America,Spirituality,20.91
1dfe412b8ac00530,The Black Maria,Poetry,52.15
9a7291b89bd5445c,My Life Next Door (My Life Next Door ),Young Adult,36.39
155e42df837ee5ff,Between Shades of Gray,Historical Fiction,20.79
d6d9ffea95f2f8bf,Art and Fear: Observations on the Perils (and Rewards) of Artmaking,Art,48.63
19fec36a1dfb4c16,A Spy's Devotion (The Regency Spies of London #1),Historical Fiction,16.97
7186241e043de5dc,Chernobyl 01:23:40: The Incredible True Story of the World's Worst Nuclear Disaster,Nonfiction,35.92
825d6c44da3ca5a6,Lab Girl,Autobiography,40.85
d7310206583a54b6,Reskilling America: Learning to Labor in the Twenty-First Century,Nonfiction,19.83
abc4a7ee16c21088,Me Talk Pretty One Day,Autobiography,57.6
6e473eff459e809f,The Hook Up (Game On #1),New Adult,36.29
4242cc3d0437db12,Toddlers Are A**holes: It's Not Your Fault,Humor,25.55
e72a5dfc7e9267b2,"The Coming Woman: A Novel Based on the Life of the Infamous Feminist, Victoria Woodhull",Default,17.93
b9f6305a3d650e2c,The Picture of Dorian Gray,Classics,29.7
6e06d0f00f6da20f,"Death Note, Vol. 6: Give-and-Take (Death Note #6)",Sequential Art,36.39
41fc5dce044f16f5,Girl in the Blue Coat,Historical Fiction,46.83
147019cae600694e,Fellside,Default,38.62
e10e1e165dc8be4a,The Boys in the Boat: Nine Americans and Their Epic Quest for Gold at the 1936 Berlin Olympics,Default,22.6
ad04ad9fc179fc5d,Secrets and Lace (Fatal Hearts #1),Default,20.27
afa829857f82f99e,Hamilton: The Revolution,Nonfiction,58.79
71a6471bbdac21d9,Lord of the Flies,Add a comment,24.89
cb62418129b864a3,Persepolis: The Story of a Childhood (Persepolis #1-2),Sequential Art,39.13
0baf71623648413a,The Name of God is Mercy,Nonfiction,37.25
09555be379ad9253,Tsubasa: WoRLD CHRoNiCLE 2 (Tsubasa WoRLD CHRoNiCLE #2),Sequential Art,16.28
9a9d6e9bc555731e,"Unbound: How Eight Technologies Made Us Human, Transformed Society, and Brought Our World to the Brink",History,25.52
31c56c4d0fe19340,Raymie Nightingale,Childrens,34.41
554e9e2d532b3a87,The Infinities,Fiction,27.41
6d235933670503d9,Musicophilia: Tales of Music and the Brain,Default,46.58
1246e4ffeb5ac4ea,Let's Pretend This Never Happened: A Mostly True Memoir,Nonfiction,45.11
c068c013d6921fea,Shameless,New Adult,58.35
7093cf549cd2e7de,Logan Kade (Fallen Crest High #5.5),Academic,13.12
4b50fb1359ebf35d,The New Brand You: Your New Image Makes the Sale for You,Default,44.05
47d47155e89c8be7,More Than Music (Chasing the Dream #1),Add a comment,37.61
cad70d6ffd53912f,The Complete Stories and Poems (The Works of Edgar Allan Poe [Cameo Edition]),Classics,26.78
746029796363aa51,Nightstruck: A Novel,Young Adult,50.35
429b4a811bef386c,Critique of Pure Reason,Philosophy,20.75
63c0826ef59eae66,"The Disappearing Spoon: And Other True Tales of Madness, Love, and the History of the World from the Periodic Table of the Elements",Science,57.35
c0db71f6bb14db11,"Fruits Basket, Vol. 2 (Fruits Basket #2)",Sequential Art,11.64
2597b5a345f45e1b,The Dirty Little Secrets of Getting Your Dream Job,Business,33.34
7f5157bf53065d36,Brilliant Beacons: A History of the American Lighthouse,History,11.45
0c11e2d068768dbb,Diary of a Citizen Scientist: Chasing Tiger Beetles and Other New Ways of Engaging the World,Science,28.41
d5ad4c92d8bf26c9,Drama,Default,38.7
09a7b0b566ad6225,Outliers: The Story of Success,Nonfiction,14.16
fce19f9b4a943f22,"Don't Be a Jerk: And Other Practical Advice from Dogen, Japan's Greatest Zen Master",Religion,37.97
9639e89d20228e6e,"Shrunken Treasures: Literary Classics, Short, Sweet, and Silly",Childrens,52.87
a2bd4ca82d908442,Every Last Word,Default,46.47
1e264c677d4ee4ae,City of Fallen Angels (The Mortal Instruments #4),Default,11.23
a8f4577a48023344,Vogue Colors A to Z: A Fashion Coloring Book,Default,52.35
ae884ac655d6ee3e,Paper and Fire (The Great Library #2),Fantasy,49.45
df7e628bad5782b4,Dirty (Dive Bar #1),Romance,40.83
f0f38174a7e689a3,This Is Where It Ends,Young Adult,27.12
caf4fe9311f1dc59,Modern Romance,Add a comment,28.26
7a2b51f69e81c722,Me Before You (Me Before You #1),Fiction,19.02
cf2f27fdf94ba20e,The Lonely Ones,Childrens,43.59
18ad3ed896c7ce05,Join,Science Fiction,35.67
50b8f80311b31ede,"Nightingale, Sing",Young Adult,38.28
5c10b64db3e4f228,The Nicomachean Ethics,Philosophy,36.34
84bb29c53592ac40,Siddhartha,Fiction,34.22
f06039c29b5891fa,The Silkworm (Cormoran Strike #2),Mystery,23.05
33a3e0e3ffde0dcd,Code Name Verity (Code Name Verity #1),Add a comment,22.13
612369a5947a012e,Approval Junkie: Adventures in Caring Too Much,Autobiography,58.81
f201f263d8c23f97,Greek Mythic History,Default,10.23
fe7210553d56c097,The Expatriates,Fiction,44.58
88c21fcd38e2486e,Dark Notes,Erotica,19.19
281a244ce1954711,Seven Brief Lessons on Physics,Science,30.6
8d455c7539795d2a,"We Love You, Charlie Freeman",Fiction,50.27
725cd8d23d78cdca,Meternity,Womens Fiction,43.58
5b2cd5b31a510848,Sarah's Key,Add a comment,46.29
3455b45888fb5053,Icing (Aces Hockey #2),Sports and Games,40.44
4be9d1910f8a4e80,13 Hours: The Inside Account of What Really Happened In Benghazi,Nonfiction,27.06
6f2c0a9adbb2bca9,The Selfish Gene,Science,29.45
35e44170702139a4,Sense and Sensibility,Classics,37.46
9eaf58b03a2779cc,Eligible (The Austen Project #4),Fiction,27.09
d2185b65af52d68c,"The Suffragettes (Little Black Classics, #96)",Nonfiction,11.89
228ba5e7577e1d49,"1,000 Places to See Before You Die",Travel,26.08
1774749f2cee292f,Charlie and the Chocolate Factory (Charlie Bucket #1),Childrens,22.85
4807043b8218e9ce,Counted With the Stars (Out from Egypt #1),Christian Fiction,17.97
3a11bb962ff45b78,Doing It Over (Most Likely To #1),Romance,35.61
9c96cd1329fbd82d,The Zombie Room,Default,19.69
1174156c4a0eccaa,Let It Out: A Journey Through Journaling,Nonfiction,26.79
11809b1d323b3057,orange: The Complete Collection 1 (orange: The Complete Collection #1),Sequential Art,48.41
def389ddfda6991b,Where Lightning Strikes (Bleeding Stars #3),Romance,39.77
9b65f676984c9f0c,Balloon Animals,Fiction,17.03
cb65e49993db9a93,Notes from a Small Island (Notes From a Small Island #1),Nonfiction,40.17
190fbebbf798c31a,"Lamb: The Gospel According to Biff, Christ's Childhood Pal",Humor,55.5
56e4f9eab2e8e674,The 10% Entrepreneur: Live Your Startup Dream Without Quitting Your Day Job,Business,27.55
0e0da9192a025efc,Barefoot Contessa at Home: Everyday Recipes You'll Make Over and Over Again,Food and Drink,50.62
0812f54c93d726ce,Can You Keep a Secret?,Womens Fiction,21.94
d33824cb93ecab6f,The Golden Compass (His Dark Materials #1),Add a comment,18.77
a10c7515834240f3,Lowriders to the Center of the Earth (Lowriders in Space #2),Sequential Art,51.51
9ffa38d3b832433a,Online Marketing for Busy Authors: A Step-By-Step Guide,Self Help,46.35
38f776ab9118aed7,The Secret Healer,Historical Fiction,34.56
f0512adadffd2480,The Odyssey,Add a comment,29.64
2a97cffe61c3c4c7,Her Backup Boyfriend (The Sorensen Family #1),Romance,33.97
d5e1a9bfe22bbf9f,"Lean In: Women, Work, and the Will to Lead",Default,25.02
bfbb54bc8cdeed2b,Cell,Add a comment,20.29
1c89ae5bb804e4de,I am a Hero Omnibus Volume 1,Sequential Art,54.63
46c1530d7546ea6d,"Deliciously Ella Every Day: Quick and Easy Recipes for Gluten-Free Snacks, Packed Lunches, and Simple Meals",Food and Drink,42.16
a57b1dcbd6849222,Close to You,Christian Fiction,49.46
ddc8340dabc8641b,The Help Yourself Cookbook for Kids: 60 Easy Plant-Based Recipes Kids Can Make to Stay Healthy and Save the Earth,Food and Drink,28.77
45033bdf3d9ed158,The Gunning of America: Business and the Making of American Gun Culture,Nonfiction,16.81
6e712ea24e77bd96,Listen to Me (Fusion #1),Romance,58.99
c8614adb1a90b027,The Name of the Wind (The Kingkiller Chronicle #1),Default,50.59
ff6bb30dd0c482a6,The Husband's Secret,Fiction,52.51
b5da59dd177eb36b,The Guns of August,History,14.54
f733e8c19d40ec2e,A Murder in Time,Mystery,16.64
16ef91b9d827859c,Buying In: The Secret Dialogue Between What We Buy and Who We Are,Nonfiction,37.8
d6d98d3508c30f57,This One Moment (Pushing Limits #1),Romance,48.71
cc1936a9f4e93477,A Summer In Europe,Travel,44.34
f701fae56b645ef7,The Power Greens Cookbook: 140 Delicious Superfood Recipes,Food and Drink,11.05
ca74f2e3c35a3e77,"The Fabric of the Cosmos: Space, Time, and the Texture of Reality",Science,55.91
d69dd8dac66f9f84,Louisa: The Extraordinary Life of Mrs. Adams,Biography,16.85
116a2fdc9a45bab0,Frostbite (Vampire Academy #2),Young Adult,29.99
8776181be110838a,Steal Like an Artist: 10 Things Nobody Told You About Being Creative,Default,20.9
7ae099f3898e0209,Unicorn Tracks,Fantasy,18.78
5e1a88d248599768,Lola and the Boy Next Door (Anna and the French Kiss #2),Young Adult,23.63
e77594ece9b9d1fe,The Alien Club,Young Adult,54.4
09659d1639a1f978,The End of the Jesus Era (An Investigation #1),Nonfiction,14.4
4c28def39d850cdf,Worlds Elsewhere: Journeys Around Shakespeare’s Globe,Nonfiction,40.3
5eff05e59f905a49,Girl With a Pearl Earring,Historical Fiction,26.77
c181ca8eabe7d18c,A Hero's Curse (The Unseen Chronicles #1),Add a comment,50.49
19ed25f4641d5efd,"In a Dark, Dark Wood",Mystery,19.63
54fc03f1e1d355db,The Diary of a Young Girl,Nonfiction,59.9
71e36f33981ddb74,"Naruto (3-in-1 Edition), Vol. 14: Includes Vols. 40, 41 & 42 (Naruto: Omnibus #14)",Sequential Art,38.39
96aa539bfd4c07e2,10-Day Green Smoothie Cleanse: Lose Up to 15 Pounds in 10 Days!,Health,49.71
9c4d061c1e2fe6bf,The Bone Hunters (Lexy Vaughan & Steven Macaulay #2),Thriller,59.71
b716233fcb6877e6,The 5th Wave (The 5th Wave #1),Default,11.83
0bfdef63285d3019,Hystopia: A Novel,Fiction,21.96
35a60467893aa168,"Ms. Marvel, Vol. 1: No Normal (Ms. Marvel (2014-2015) #1)",Sequential Art,39.39
49f24193f0b961e6,The Stand,Horror,57.86
05f7c6d9a4e582d3,Ayumi's Violin,Default,15.48
590a9cccf7db9f7d,Throne of Glass (Throne of Glass #1),Fantasy,35.07
fd8585283fc7d2d7,I Had a Nice Time And Other Lies...: How to find love & sh*t like that,Womens Fiction,57.36
3fb69f34e178d494,Beowulf,Classics,38.35
e98a4efa85070c2f,The Psychopath Test: A Journey Through the Madness Industry,Default,36.0
c7b5183f4d1d4efe,The Murder of Roger Ackroyd (Hercule Poirot #4),Mystery,44.1
52aa3d79b1cee455,Very Good Lives: The Fringe Benefits of Failure and the Importance of Imagination,Nonfiction,50.66
3eec766dda26fa64,The New Drawing on the Right Side of the Brain,Art,43.02
5ceb951f629700a2,Burning,Young Adult,28.81
919e7cb2269a25d2,Becoming Wise: An Inquiry into the Mystery and Art of Living,Nonfiction,27.43
d5c588b6f9c015e4,Gone Girl,Default,37.6
c7c4f55b7321cba7,Harry Potter and the Chamber of Secrets (Harry Potter #2),Fantasy,14.74
2798974abc8a58a8,Candide,Classics,58.63
4eed62cf5f8d8edf,The Torch Is Passed: A Harding Family Story,Add a comment,19.09
7858914fad68493c,Throwing Rocks at the Google Bus: How Growth Became the Enemy of Prosperity,Nonfiction,31.12
c2e46a2ee3b4a322,Chase Me (Paris Nights #2),Romance,25.27
9528d0948525bf5f,Birdsong: A Story in Pictures,Childrens,54.64
60376aa71be66083,The Man Who Mistook His Wife for a Hat and Other Clinical Tales,Nonfiction,59.45
5a7ff9aaa3168878,Wuthering Heights,Classics,17.73
904208d6aa64b655,Aladdin and His Wonderful Lamp,Default,53.13
d219d4e325e6f204,I Know Why the Caged Bird Sings (Maya Angelou's Autobiography #1),Default,36.55
23707d3ddf14a999,The Complete Poems,Add a comment,41.32
e4c7f3487d17fd42,The Nerdy Nummies Cookbook: Sweet Treats for the Geek in All of Us,Food and Drink,37.34
1451b55e5e56bb89,Animal Farm,Classics,57.22
5b987e54ee72525c,City of Bones (The Mortal Instruments #1),Default,43.28
230ac636ea0ea415,Bright Lines,Fiction,39.07
e6af5bf1163c1151,Soul Reader,Default,39.58
61569d12d4ae7161,If I Run (If I Run #1),Christian Fiction,49.97
91eb9605998a7c03,"The Sandman, Vol. 3: Dream Country (The Sandman (volumes) #3)",Sequential Art,55.55
f935412970c9f58f,The Good Girl,Default,49.03
6036239d2ab349b7,Peak: Secrets from the New Science of Expertise,Science,16.28
4b8fa561a1e52d1c,The Art Book,Art,32.34
1be6d3b121865edb,The Cuckoo's Calling (Cormoran Strike #1),Mystery,19.21
460f97a346b44bac,Three Wishes (River of Time: California #1),Science Fiction,44.18
719d72f3ee512dc6,"Thinking, Fast and Slow",Psychology,21.14
8930013d06942df1,The Beast (Black Dagger Brotherhood #14),Fantasy,46.08
dd5bfa6cc2c0ecc3,Zealot: The Life and Times of Jesus of Nazareth,History,24.7
e4f74c16de34d440,Immunity: How Elie Metchnikoff Changed the Course of Modern Medicine,Science,57.36
6bdd909329435e80,The Power of Habit: Why We Do What We Do in Life and Business,Default,16.88
d326e189b1210916,The Joy of Cooking,Add a comment,43.27
670a2773607d785d,It,Horror,25.01
28921443f052bea6,Running with Scissors,Autobiography,12.91
fd3a622648667296,The Vacationers,Fiction,42.15
92dcc54a27107a37,The Girl with All the Gifts,Horror,49.47
eb0fe24bbc845ecc,"Giant Days, Vol. 1 (Giant Days #1-4)",Sequential Art,56.76
acd86a5426e21ca0,The Gutsy Girl: Escapades for Your Life of Epic Adventure,Nonfiction,37.13
abbb492978ff656d,The Secret Garden,Classics,15.08
3b1c02bac2a429e6,Scott Pilgrim's Precious Little Life (Scott Pilgrim #1),Sequential Art,52.29
e564c3f1a93ccf2e,Forever Rockers (The Rocker #12),Music,28.8
74baabfc8fd84b38,Bossypants,Default,49.46
bb967277222e689c,Adultery,Default,20.88
8bbd7df8a324f31d,My Kitchen Year: 136 Recipes That Saved My Life,Food and Drink,11.53
999912e63a3262ae,Barefoot Contessa Back to Basics,Food and Drink,28.01
ee6c67859d70186b,"NaNo What Now? Finding your editing process, revising your NaNoWriMo book and building a writing career through publishing and beyond",Default,10.41
2f0213137a80d485,Searching for Meaning in Gailana,Fantasy,38.73
f2c8f4b4c94d5c5c,A Feast for Crows (A Song of Ice and Fire #4),Fantasy,17.21
889139b8e9c4cb36,"Outcast, Vol. 1: A Darkness Surrounds Him (Outcast #1)",Sequential Art,15.44
961f18db4f138211,The Secret (The Secret #1),Default,27.37
db84624b151cbe06,No Love Allowed (Dodge Cove #1),Young Adult,54.65
132ec5e8c984adef,No Dream Is Too High: Life Lessons From a Man Who Walked on the Moon,Nonfiction,21.95
4ec53ff7e2263f32,Life After Life,Default,26.13
142d767a56a9254d,"The Pioneer Woman Cooks: Dinnertime: Comfort Classics, Freezer Food, 16-Minute Meals, and Other Delicious Ways to Solve Supper!",Food and Drink,56.41
e0b3a679b83caccc,The Raven Boys (The Raven Cycle #1),Fantasy,57.74
a11ae5f07572ef49,Stiff: The Curious Lives of Human Cadavers,Nonfiction,36.74
df6a7c43faa6732b,Future Shock (Future Shock #1),Young Adult,55.65
4c8ece50736f9e88,Red: The True Story of Red Riding Hood,Childrens,28.54
b461cf238506c5b8,Career of Evil (Cormoran Strike #3),Mystery,24.72
f72f61ad6a5f12ed,The Immortal Life of Henrietta Lacks,Add a comment,40.67
44f545727e704187,Kill the Boy Band,Young Adult,15.52
af96613fdd793a3c,Miss Peregrine’s Home for Peculiar Children (Miss Peregrine’s Peculiar Children #1),Default,10.76
7ce5a92baabb6bc0,Morning Star (Red Rising #3),Default,29.4
7bf87402413c27ff,Annie on My Mind,Young Adult,36.83
0268f149d014b389,Travels with Charley: In Search of America,Nonfiction,57.82
7edc0527cf782e19,Batman: The Long Halloween (Batman),Sequential Art,36.5
813cff2aefa5d1f0,The Undomestic Goddess,Womens Fiction,45.75
0e095ed785af7e43,Suzie Snowflake: One beautiful flake (a self-esteem story),Novels,54.81
e9056f9b5a40a301,Midnight Riot (Peter Grant/ Rivers of London - books #1),Fantasy,55.46
5674a18a29a43ced,"Foolproof Preserving: A Guide to Small Batch Jams, Jellies, Pickles, Condiments, and More: A Foolproof Guide to Making Small Batch Jams, Jellies, Pickles, Condiments, and More",Food and Drink,30.52
b04a6a0db525857d,The Autobiography of Malcolm X,Default,23.43
7e9579921e5407cb,Cinder (The Lunar Chronicles #1),Young Adult,26.09
4c8b7540409da4ac,Swell: A Year of Waves,Nonfiction,45.58
6b32b561dab8036c,I've Got Your Number,Womens Fiction,19.69
bade9943ee01b63f,Lilac Girls,Historical Fiction,17.28
9147c5251cc99eb1,The Story of Art,Art,41.14
468bd274ac084bb9,Darkfever (Fever #1),Fantasy,56.02
ac337893a9fe0085,Harry Potter and the Sorcerer's Stone (Harry Potter #1),Default,13.9
e34efcc824685332,Once Was a Time,Childrens,18.28
f2df3bb043a8abb0,"Giant Days, Vol. 2 (Giant Days #5-8)",Sequential Art,22.11
df56868afd166557,"Eat, Pray, Love",Nonfiction,51.32
81d4191030b9704b,Misery,Horror,34.79
774fa432bd7d9c47,The Rise and Fall of the Third Reich: A History of Nazi Germany,History,39.67
1b0fc9f777cad045,"Carry On, Warrior: Thoughts on Life Unarmed",Default,31.85
0c7b9cf2b7662b65,That Darkness (Gardiner and Renner #1),Mystery,13.92
20789fb17b423c4c,The Bachelor Girl's Guide to Murder (Herringford and Watts Mysteries #1),Mystery,52.3
5de4baa88061a77a,Outlander (Outlander #1),Default,19.67
81c68492ccd72941,Maybe Something Beautiful: How Art Transformed a Neighborhood,Childrens,22.54
e2dac1f4739e0bd5,The Giver (The Giver Quartet #1),Default,12.3
70b585c9d0f15725,Needful Things,Horror,47.51
c0fc0cd215ee1724,Out of Print: City Lights Spotlight No. 14,Poetry,53.64
2b52334fab158861,Island of Dragons (Unwanteds #7),Fantasy,29.65
c039f5aceb093537,Most Wanted,Mystery,35.28
04e43893e32f9d29,The Light of the Fireflies,Add a comment,54.43
bbf1ea50be8008ab,I Will Find You,Nonfiction,44.21
da0349a87c8caa2f,Are We Smart Enough to Know How Smart Animals Are?,Nonfiction,56.58
a3d2a4250807f1e9,The Age of Genius: The Seventeenth Century and the Birth of the Modern Mind,History,19.73
aaebac5fda798b1b,Changing the Game (Play by Play #2),Romance,13.38
faf841f81c52638b,Better Homes and Gardens New Cook Book,Food and Drink,39.61
8e2dfd6bcf48e1e6,Packing for Mars: The Curious Science of Life in the Void,Default,56.68
e25164e5b3fe208b,Starlark,Historical Fiction,25.83
42d0d7c92b75fc1c,The Genius of Birds,Nonfiction,17.24
44a10f1ac8ce822e,Whole Lotta Creativity Going On: 60 Fun and Unusual Exercises to Awaken and Strengthen Your Creativity,Nonfiction,38.2
2e5b4ff08a75fd02,World Without End (The Pillars of the Earth #2),Historical Fiction,32.97
a6f99b9e687f9d46,How to Be Miserable: 40 Strategies You Already Use,Self Help,46.03
630e766f0a1987dd,Fool Me Once,Default,16.96
e63c3f25338baf9a,Twenty Love Poems and a Song of Despair,Poetry,30.95
ffdc825785c0ede8,Art Ops Vol. 1,Sequential Art,48.8
57e5a4d515c8ce44,Lumberjanes Vol. 3: A Terrible Plan (Lumberjanes #9-12),Sequential Art,19.92
0cf57cb49272fd37,Kierkegaard: A Christian Missionary to Christians,Philosophy,47.13
4729afff3bea0f0a,Man's Search for Meaning,Nonfiction,29.48
d6670dfe3e7b42bd,The Emerald Mystery,Default,23.15
ef9c4f2465513956,Are We There Yet?,Childrens,10.66
b63ea3f7a57ae099,Stars Above (The Lunar Chronicles #4.5),Young Adult,48.05
b8736690cf263a3c,Tuesday Nights in 1980,Fiction,21.04
245e6bf08b8d2955,"It's All Easy: Healthy, Delicious Weeknight Meals in under 30 Minutes",Food and Drink,19.55
40cdcbb7692fd408,Life of Pi,Default,13.22
599a4f98bb193368,Under the Banner of Heaven: A Story of Violent Faith,Nonfiction,30.0
b96fc7a0ea7d4b45,Made to Stick: Why Some Ideas Survive and Others Die,Business,38.85
a2475a245c9907c4,Smarter Faster Better: The Secrets of Being Productive in Life and Business,Nonfiction,38.89
14e44163678e24dc,The Midnight Watch: A Novel of the Titanic and the Californian,Add a comment,26.2
fff8a057a40c4a60,The Haters,Young Adult,27.89
bcbcbcf0f6ed196f,"Paper Girls, Vol. 1 (Paper Girls #1-5)",Sequential Art,21.71
77e9ea355bd8ae57,Brazen: The Courage to Find the You That's Been Hiding,Nonfiction,19.22
a9aa3ed5b316470b,"Friday Night Lights: A Town, a Team, and a Dream",Sports and Games,51.22
9beb96a2300109d7,Forever and Forever: The Courtship of Henry Longfellow and Fanny Appleton,Historical Fiction,29.69
eb7459e0c570251d,The Girl You Left Behind (The Girl You Left Behind #1),Historical,15.79
515cb8fcafb1ad98,Troublemaker: Surviving Hollywood and Scientology,Default,48.39
bc2a85fd35fdc7bd,Thirteen Reasons Why,Default,52.72
1c584f82a7a1c4f0,The Art of Startup Fundraising,Business,21.0
331c26103d885cae,South of Sunshine,Young Adult,28.93
bee6e93e9976f4fa,Shadows of the Past (Logan Point #1),Christian Fiction,39.67
8486f61aa81a3daa,"Rich Dad, Poor Dad",Business,51.74
1d6443ffba9dfd80,Twenty Yawns,Childrens,22.08
0072b94dfa30608e,Deep Under (Walker Security #1),Romance,47.09
44d97b6707dae3f0,Rook,Add a comment,37.86
ac4dde0d1be05de0,"Far & Away: Places on the Brink of Change: Seven Continents, Twenty-Five Years",Nonfiction,15.06
4e78f06160b717ac,Finding God in the Ruins: How God Redeems Pain,Nonfiction,46.64
3213b1f13f5f0f7c,The Grand Design,Science,13.76
3bebf34ee9330cbd,The Third Wave: An Entrepreneur’s Vision of the Future,Business,12.61
05a61a3bd8ca4149,Playing with Fire,Mystery,13.71
46cb43c2ab133ccc,An Unquiet Mind: A Memoir of Moods and Madness,Psychology,21.3
2d88a31f325dfd3b,The Loney,Horror,23.4
cfe350b20d23b02b,And Then There Were None,Classics,35.01
ad5e078beceaeb4a,"Blue Lily, Lily Blue (The Raven Cycle #3)",Default,34.13
c6ca293d4810e0d5,The Dinner Party,Fiction,56.54
2a9fcb3382d351c8,How to Cook Everything Vegetarian: Simple Meatless Recipes for Great Food (How to Cook Everything),Food and Drink,46.01
abdd91e96515a617,Poisonous (Max Revere Novels #3),Mystery,26.8
ce6396b0f23f6ecc,Set Me Free,Young Adult,17.46
35e69a79d2b1e804,"The Land of 10,000 Madonnas",Young Adult,29.64
63ee5bc46066a8a8,A Study in Scarlet (Sherlock Holmes #1),Mystery,16.73
08db62f24627e71f,The Matchmaker's Playbook (Wingmen Inc. #1),New Adult,55.85
a96404cb928895f3,Charity's Cross (Charles Towne Belles #4),Romance,41.24
73f71f9556442117,Eclipse (Twilight #3),Default,18.74
224fa77d4b248046,The Tipping Point: How Little Things Can Make a Big Difference,Add a comment,10.02
8f5d16a5a9bd58b2,The Girl Who Kicked the Hornet's Nest (Millennium Trilogy #3),Add a comment,57.48
a4ce39a3720cd679,My Mother Was Nuts,Nonfiction,31.63
23356462d1320d61,In Her Wake,Thriller,12.84
f6d967cdadc6fbd9,Done Rubbed Out (Reightman & Bailey #1),Default,37.72
fe44cc816576c652,Still Life with Bread Crumbs,Fiction,26.41
31f5bbf4974d29c9,Some Women,Womens Fiction,13.73
4a0b78598b42897a,The Year of Living Biblically: One Man's Humble Quest to Follow the Bible as Literally as Possible,Default,34.72
ee441c8e027caa66,The Obsession,Romance,45.43
28b2df9fadc9f07e,"Mother, Can You Not?",Nonfiction,16.89
feaaae90514eb2ac,Soldier (Talon #3),Fantasy,24.72
95cdfd514098c38b,Blood Defense (Samantha Brinkman #1),Mystery,20.3
460089f796fb3f82,"Lumberjanes, Vol. 2: Friendship to the Max (Lumberjanes #5-8)",Sequential Art,46.91
1812b8f5641287e3,"House of Lost Worlds: Dinosaurs, Dynasties, and the Story of Life on Earth",History,43.7
50d5a7b861ed1c54,Tell Me Three Things,Young Adult,41.81
cf3b86489890b9f2,A Girl's Guide to Moving On (New Beginnings #2),Romance,31.3
2ed3a794a70aa85f,Fire Bound (Sea Haven/Sisters of the Heart #5),Add a comment,21.28
6baac632f7711e26,Modern Day Fables,Default,47.44
a01f6d368ef64dc5,"Eaternity: More than 150 Deliciously Easy Vegan Recipes for a Long, Healthy, Satisfied, Joyful Life",Nonfiction,51.75
a30b270e25489e5c,The Electric Pencil: Drawings from Inside State Hospital No. 3,Nonfiction,56.06
bcee4f289ff6699c,A Walk in the Woods: Rediscovering America on the Appalachian Trail,Nonfiction,30.48
30a7f60cd76ca58c,Shakespeare's Sonnets,Poetry,20.66
668fe56b17cfcd4f,Penny Maybe,Default,33.29
bcf567421c581f0a,"Data, A Love Story: How I Gamed Online Dating to Meet My Match",Nonfiction,32.35
59a8ae019b64f2a7,Shiver (The Wolves of Mercy Falls #1),Default,16.23
6fa3ea52c8e31e06,New Moon (Twilight #2),Young Adult,12.86
42b0c50fc44140ec,Clockwork Angel (The Infernal Devices #1),Default,44.14
a7c3f1010d64799a,Into the Wild,Nonfiction,56.7
546da23278482b0a,Manuscript Found in Accra,Add a comment,34.98
985991708c47003e,"The Sleep Revolution: Transforming Your Life, One Night at a Time",Nonfiction,11.68
4c82371b8cd02d4d,King's Folly (The Kinsman Chronicles #1),Fantasy,39.61
28cf0d1c51b491e5,Cometh the Hour (The Clifton Chronicles #6),Fiction,25.01
7e9068872228c474,Dress Your Family in Corduroy and Denim,Humor,43.68
f36d24c309e87e5b,An Abundance of Katherines,Young Adult,10.0
e656e280bc8edd56,Romero and Juliet: A Tragic Tale of Love and Zombies,Default,36.94
00c4543ec6bd25b4,The Songs of the Gods,Default,44.48
edb3097e71330040,Finders Keepers (Bill Hodges Trilogy #2),Fiction,53.53
fa9610a50a1bf149,Masks and Shadows,Fantasy,56.4
97258f576d4bb672,"Fruits Basket, Vol. 6 (Fruits Basket #6)",Sequential Art,20.96
9ed7090d8fa690b0,Shatter Me (Shatter Me #1),Default,42.4
b783ce08802cd1d1,Off the Hook (Fishing for Trouble #1),Romance,47.67
70c7c3ca7f9b2728,The Lean Startup: How Today's Entrepreneurs Use Continuous Innovation to Create Radically Successful Businesses,Business,33.92
fec06f52054ea900,The Dream Thieves (The Raven Cycle #2),Default,34.5
bbfc4a3b7b6c94a0,Breaking Dawn (Twilight #4),Default,35.28
a18a4f574854aced,Libertarianism for Beginners,Politics,51.33
3301af038a720587,The Complete Maus (Maus #1-2),Sequential Art,10.64
67dea6c75d6a1075,Best of My Love (Fool's Gold #20),Romance,27.41
2ac720f76384c57e,"Skip Beat!, Vol. 01 (Skip Beat! #1)",Sequential Art,42.12
eec424a84c9e4c68,God: The Most Unpleasant Character in All Fiction,Religion,30.03
966ebb738e0f9d9b,City of Glass (The Mortal Instruments #3),Fantasy,56.02
ad84f18659e6bfe2,The Firm,Fiction,45.56
1de75f05d57bfc10,Letter to a Christian Nation,Nonfiction,22.2
1b33663ad7b95fd8,So You've Been Publicly Shamed,Nonfiction,12.23
5a0d2e9284004266,"The Midnight Assassin: Panic, Scandal, and the Hunt for America's First Serial Killer",Nonfiction,28.45
9194ae88379dbf1a,Feathers: Displays of Brilliant Plumage,Art,49.05
17fb5a88180f9904,"Living Leadership by Insight: A Good Leader Achieves, a Great Leader Builds Monuments",Default,46.91
4ce91d31c1e57c33,Hollow City (Miss Peregrine’s Peculiar Children #2),Fantasy,42.98
aa35446aab16017f,"Quarter Life Poetry: Poems for the Young, Broke and Hangry",Poetry,50.89
c65ee14957c0fa5c,The Geography of Bliss: One Grump's Search for the Happiest Places in the World,Nonfiction,28.23
209adad1015af86f,The Omnivore's Dilemma: A Natural History of Four Meals,Nonfiction,38.21
6478ccb4416e6a5d,The Barefoot Contessa Cookbook,Food and Drink,59.92
78a4ac98191ac675,Atlas Shrugged,Fiction,26.58
c40b70e0f6d80189,The Mirror & the Maze (The Wrath and the Dawn #1.5),Fantasy,29.38
75cc85cdbe9ad46b,Evicted: Poverty and Profit in the American City,Add a comment,42.27
72e6fbf4f6382557,"Fruits Basket, Vol. 1 (Fruits Basket #1)",Sequential Art,40.28
abeafe151a587d3b,The Long Shadow of Small Ghosts: Murder and Memory in an American City,Crime,10.97
fd78f89878479f56,My Perfect Mistake (Over the Top #1),Romance,38.92
235fa48eeed11d82,The Golden Condom: And Other Essays on Love Lost and Found,Psychology,39.43
2e69730561ed70ad,Emma,Classics,32.93
e46a164cf310fd7d,Silence in the Dark (Logan Point #4),Suspense,58.33
49b24c6a41b82bd2,Boar Island (Anna Pigeon #19),Mystery,59.48
637e5a45062aa548,Life,Music,31.58
588ba85ff11a3263,Extreme Prey (Lucas Davenport #26),Mystery,25.4
ed813a848580ba50,Fifty Shades Freed (Fifty Shades #3),Adult Fiction,15.36
011674f4a3834b8d,The Passion of Dolssa,Historical Fiction,28.32
5d55202da0252627,World War Z: An Oral History of the Zombie War,Default,21.8
842790dfaa937484,A Fierce and Subtle Poison,Young Adult,28.13
6f78a0d744c35456,Security,Horror,39.25
6c4646d90b60a56c,Inferno (Robert Langdon #4),Fiction,41.0
c5cb9f885d8b3621,The Wedding Pact (The O'Malleys #2),Romance,32.61
ba047a636b7d3793,Team of Rivals: The Political Genius of Abraham Lincoln,Add a comment,20.12
dac9d1e654fac737,"The Wicked + The Divine, Vol. 1: The Faust Act (The Wicked + The Divine)",Sequential Art,36.52
bfa9cb304075d3e8,The Girl Who Played with Fire (Millennium Trilogy #2),Default,22.14
924438fc6cbec836,"Naturally Lean: 125 Nourishing Gluten-Free, Plant-Based Recipes--All Under 300 Calories",Food and Drink,11.38
3d15714d4d3d15dd,The Thing About Jellyfish,Childrens,48.77
984b3b6e7479b571,Golden (Heart of Dread #3),Young Adult,42.21
c1afd71fc86bf682,Large Print Heart of the Pride,Default,19.15
fe0f34ebed689381,In Cold Blood,Nonfiction,49.98
796c87ddbbaaf8c5,You Are What You Love: The Spiritual Power of Habit,Religion,21.87
d163dd6c352fbcd2,Grumbles,Default,22.16
9ff997ab15713e53,On the Road (Duluoz Legend),Default,32.36
0ff9d10864db8364,The Whale,Childrens,35.96
5faefdc861684eb1,"The Sandman, Vol. 1: Preludes and Nocturnes (The Sandman (volumes) #1)",Sequential Art,54.12
b5953ca1f8a0b8d7,Grey (Fifty Shades #4),Womens Fiction,48.49
6b52904b2ab91bf6,"At The Existentialist Café: Freedom, Being, and apricot cocktails with: Jean-Paul Sartre, Simone de Beauvoir, Albert Camus, Martin Heidegger, Edmund Husserl, Karl Jaspers, Maurice Merleau-Ponty and others",Philosophy,29.93
6ffb36aaeff1c81e,Drive: The Surprising Truth About What Motivates Us,Default,34.95
9afd00e81d6208e6,The Martian (The Martian #1),Default,41.39
b22362b434e8ee62,The Day the Crayons Came Home (Crayons),Childrens,26.33
727bf2b86b19ad88,My Name Is Lucy Barton,Fiction,41.56
97b8f130d32e9f4e,Girl Online On Tour (Girl Online #2),Young Adult,53.47
b53078de0147f6bf,Twilight (Twilight #1),Default,41.93
6b6cd77fbc91b7a6,"Hush, Hush (Hush, Hush #1)",Default,47.02
784bc2279baa878d,My Paris Kitchen: Recipes and Stories,Food and Drink,33.37
ddbc5530d2939d49,God Is Not Great: How Religion Poisons Everything,Nonfiction,27.8
2efa5a839e62b1bd,The Makings of a Fatherless Child,Default,31.58
034829ffdd0a0aea,Is Everyone Hanging Out Without Me? (And Other Concerns),Default,20.11
816180220e8cb419,Born for This: How to Find the Work You Were Meant to Do,Business,21.59
2858ac90c4758e1f,The Art of Fielding,Fiction,22.1
f28f7299d38c0932,Imperfect Harmony,Romance,34.74
29fc016c459aeb14,The Edge of Reason (Bridget Jones #2),Womens Fiction,19.18
3edcccc4f341fb1a,Sorting the Beef from the Bull: The Science of Food Fraud Forensics,Science,44.74
b978c9852cde91bd,How to Speak Golf: An Illustrated Guide to Links Lingo,Default,58.32
0b165bd4b9f42fd5,Hold Your Breath (Search and Rescue #1),Romance,28.82
3a7d54a264d9f33e,Two Summers,Young Adult,14.64
dabf11918b48b40c,The Da Vinci Code (Robert Langdon #2),Fiction,22.96
e792c0969cefe1b8,How to Stop Worrying and Start Living,Self Help,46.49
80cfab6bcff3a244,The Art Forger,Add a comment,40.76
790ef197c8f236f5,The Project,Science Fiction,10.65
0c27e6c3744fc14b,"Shobu Samurai, Project Aryoku (#3)",Add a comment,29.06
aeff7b87a8e83ebb,I Am Pilgrim (Pilgrim #1),Fiction,10.6
513271dadc1322ae,Chasing Heaven: What Dying Taught Me About Living,Spirituality,37.8
a80f66b254fe9eb3,Brain on Fire: My Month of Madness,Nonfiction,49.32
df53c2948b32bde3,"The Demon Prince of Momochi House, Vol. 4 (The Demon Prince of Momochi House #4)",Sequential Art,27.88
cc82685d9f49bc2c,My Mrs. Brown,Fiction,24.48
c82a3e358c773c73,"Rat Queens, Vol. 3: Demons (Rat Queens (Collected Editions) #11-15)",Sequential Art,50.4
394f6d30cafc3edb,"So Cute It Hurts!!, Vol. 6 (So Cute It Hurts!! #6)",Sequential Art,35.43
cd3dcd83bb002e78,The Blind Side: Evolution of a Game,Add a comment,53.71
b6670507e85b30e6,Like Never Before (Walker Family #2),Christian Fiction,28.77
a2a9f76339d21ab1,The False Prince (The Ascendance Trilogy #1),Fantasy,56.0
3f25a2fedae191cc,The Book of Mormon,Religion,24.57
5319169a72714c62,"Adulthood Is a Myth: A ""Sarah's Scribbles"" Collection",Sequential Art,10.9
4165285e1663650f,Sapiens: A Brief History of Humankind,History,54.23
327f68a59745c102,How Music Works,Music,37.32
cedf82b5086e4691,The Natural History of Us (The Fine Art of Pretending #2),Young Adult,45.22
f08667e4c0458f37,Spilled Milk: Based on a True Story,Nonfiction,49.51
ce60436f52c5ee68,Full Moon over Noah’s Ark: An Odyssey to Mount Ararat and Beyond,Travel,49.43
4e3b183180e2a992,Deception Point,Fiction,40.32
c65c25d990fc7025,"Exit, Pursued by a Bear",Young Adult,51.34
abc0b15f2c907ff0,Bounty (Colorado Mountain #7),Romance,37.26
5ba3d703d1ae0c1d,The Sound Of Love,Default,57.84
de6d7645f192d517,"Fruits Basket, Vol. 7 (Fruits Basket #7)",Sequential Art,19.57
72b5355dda190b6a,The Hobbit (Middle-Earth Universe),Default,17.8
384c7d41d5ffe9d1,"Girl, Interrupted",Nonfiction,42.14
1d6dd0c87d90fe92,Eight Hundred Grapes,Fiction,14.39
73f4f87dd936ee5c,Harry Potter and the Half-Blood Prince (Harry Potter #6),Fantasy,48.75
caa2e5b3fb1b2d4c,Mr. Mercedes (Bill Hodges Trilogy #1),Fiction,28.9
d7d6d50c1e3d0b81,Tracing Numbers on a Train,Default,41.6
d48c1369927ebef1,Heaven is for Real: A Little Boy's Astounding Story of His Trip to Heaven and Back,Default,52.86
9e60929f521fa280,A Year in Provence (Provence #1),Travel,56.88
8fff1084aa085a13,"Fruits Basket, Vol. 4 (Fruits Basket #4)",Sequential Art,50.44
bff270fe9c86a5a9,Miller's Valley,Fiction,58.54
6514add13c82b115,The Tumor,Nonfiction,41.56
d30b9215c72cca87,Wild: From Lost to Found on the Pacific Crest Trail,Default,46.02
0ce8075fab4a2b5b,Legend (Legend #1),Young Adult,43.69
d56d0710668bb39c,Proofs of God: Classical Arguments from Tertullian to Barth,Philosophy,54.21
b6ee99bcf06fc91f,"Lumberjanes, Vol. 1: Beware the Kitten Holy (Lumberjanes #1-4)",Sequential Art,45.61
aba2db9afb1469c7,Until Friday Night (The Field Party #1),Young Adult,46.31
27c5968fe43cc06e,El Deafo,Sequential Art,57.62
4f6985aca357ae09,"Grayson, Vol 3: Nemesis (Grayson #3)",Sequential Art,42.72
1809259a5a5f1d8d,Vagabonding: An Uncommon Guide to the Art of Long-Term World Travel,Travel,36.94
6875c5657661b2fb,The White Queen (The Cousins' War #1),Add a comment,25.91
4a7a25be293ad678,The Star-Touched Queen,Fantasy,32.3
29af1a2566c4e36e,Left Behind (Left Behind #1),Default,40.72
476c7972e9b41891,The Last Painting of Sara de Vos,Historical Fiction,55.55
276dc716b1da8899,"The Sandman, Vol. 2: The Doll's House (The Sandman (volumes) #2)",Sequential Art,54.81
52cf2a5933ec5d8f,The Marriage of Opposites,Historical Fiction,28.08
b46d022080543144,Wildlife of New York: A Five-Borough Coloring Book,Default,22.14
29d6d87f3418638b,The Nightingale,Fiction,26.26
b78deb463531d078,The Silent Wife,Fiction,12.34
6390772a3094939d,Fighting Fate (Fighting #6),Romance,39.24
f16c2edb2a603f92,"""Most Blessed of the Patriarchs"": Thomas Jefferson and the Empire of the Imagination",History,44.48
9429b4d59c537af5,Patience,Sequential Art,10.16
76c84daa539426e2,"Unbroken: A World War II Story of Survival, Resilience, and Redemption",Default,45.95
7d385d34d12e60ff,The Nameless City (The Nameless City #1),Sequential Art,38.16
f40fea200e0c644f,Snatched: How A Drug Queen Went Undercover for the DEA and Was Kidnapped By Colombian Guerillas,Nonfiction,21.21
dbe33cf29ef1623d,Cosmos,Add a comment,36.17
6be3beb0793a53e7,Sophie's World,Philosophy,15.94
b1a227b7609ff263,32 Yolks,Food and Drink,53.63
02b74068fa98d8a4,Old School (Diary of a Wimpy Kid #10),Humor,11.83
709822d0b5bcb7f4,Thirst,Fiction,17.27
01a177623cce9596,A Brush of Wings (Angels Walking #3),Add a comment,55.51
759ee7d059b1beb8,Why Save the Bankers?: And Other Essays on Our Economic and Political Crisis,Nonfiction,48.67
5bc1fbccfbf2355c,The Art of Not Breathing,Young Adult,40.83
7ebfa6c1bee69e1e,Amy Meets the Saints and Sages,Default,18.46
86d8bd7afa5b51b3,The Iliad,Add a comment,16.16
61cf7eb9d2cd8bb0,23 Degrees South: A Tropical Tale of Changing Whether...,Add a comment,35.79
fd364afd082f5446,The Perks of Being a Wallflower,Default,55.02
b3f2bc2cefb35f05,"The End of Faith: Religion, Terror, and the Future of Reason",Add a comment,22.13
bf68dcb5fad3cc8c,Batman: Europa,Sequential Art,32.01
b28c7d07afa7063b,Find Her (Detective D.D. Warren #8),Add a comment,22.37
1bba4b1ba23ed2d6,The Grownup,Short Stories,35.88
c849f0b2f5d6a742,"Saga, Volume 6 (Saga (Collected Editions) #6)",Fantasy,25.02
7add3f8e49ec0826,Fifty Shades Darker (Fifty Shades #2),Romance,21.96
c9782ad2a0ed9331,Crazy Rich Asians (Crazy Rich Asians #1),Fiction,49.13
847935fc68707426,The Guilty (Will Robie #4),Thriller,13.82
ab60e6f5a63e1cfb,Without Shame,Add a comment,48.27
f5873c8fc7760000,8 Keys to Mental Health Through Exercise,Psychology,31.04
8d390a1fc3133d06,Jane Eyre,Default,38.43
bb8245f52c7cce8f,Amid the Chaos,Cultural,36.58
3a95f5a2df4ff921,No One Here Gets Out Alive,Music,20.02
31075275518532d7,"The Mindfulness and Acceptance Workbook for Anxiety: A Guide to Breaking Free from Anxiety, Phobias, and Worry Using Acceptance and Commitment Therapy",Add a comment,23.89
437d8dea9272d0a9,The Improbability of Love,Fiction,59.45
a6454e329f872b78,Rain Fish,Childrens,23.57
a0dd11f6abc421ec,Jurassic Park (Jurassic Park #1),Fiction,44.97
4f283dfcbeccc0d4,The High Mountains of Portugal,Fiction,51.15
a7ec599c1a547746,Dracula,Default,52.62
86cbddb61ea78bb7,salt.,Poetry,46.78
c4589ee5977a47be,The Hiding Place,History,55.91
3ecb690d1542c568,When We Collided,Contemporary,31.77
2b69dec0193511d9,A Mother's Reckoning: Living in the Aftermath of Tragedy,Nonfiction,19.53
cc1ac978a6835ef6,Horrible Bear!,Childrens,37.52
623e1a180426039b,The Wedding Dress,Romance,24.12
c6a29d6df8de968c,Furiously Happy: A Funny Book About Horrible Things,Nonfiction,41.46
8932e5c12f12ffed,Origins (Alphas 0.5),Fantasy,28.99
969f6c7e86554814,The Purest Hook (Second Circle Tattoos #3),Romance,12.25
af58a74e4b2a23a0,Pet Sematary,Horror,10.56
16c71736dae78764,The Last Girl (The Dominion Trilogy #1),Science Fiction,36.26
6c7fa6844380f50a,A Short History of Nearly Everything,History,52.4
b06599b108e83f98,"Setting the World on Fire: The Brief, Astonishing Life of St. Catherine of Siena",Biography,21.15
903a9f8090104c2c,The Shack,Fiction,28.03
81ef44fcc5f454df,One with You (Crossfire #5),Add a comment,15.71
e00eb4fd7b871a48,Sharp Objects,Mystery,47.82
0312262ecafa5a40,"Starving Hearts (Triangular Trade Trilogy, #1)",Default,13.99
87b0615b6e1f4d7b,Spark Joy: An Illustrated Master Class on the Art of Organizing and Tidying Up,Nonfiction,41.83
aeb51dfbe8aeec59,Roller Girl,Sequential Art,14.1
6c49258724f11770,Harry Potter and the Deathly Hallows (Harry Potter #7),Default,23.32
b7f475238ed50429,The Cat in the Hat (Beginner Books B-1),Childrens,16.26
7a10353c9c54cf7c,The Drowning Girls,Add a comment,35.67
3bc89353f7e3a3cc,The Last Mile (Amos Decker #2),Mystery,54.21
8ceb5c6aed2c5f8b,While You Were Mine,Historical Fiction,41.32
830fb3967c74866d,Shtum,Fiction,55.84
65cfc9f242c2984a,"The Moosewood Cookbook: Recipes from Moosewood Restaurant, Ithaca, New York",Food and Drink,12.34
b830685072fa871f,"Unstuffed: Decluttering Your Home, Mind, and Soul",Nonfiction,58.09
eac1a180047ad54e,The Kite Runner,Default,41.82
a2b4b685dfa94733,Bridget Jones's Diary (Bridget Jones #1),Womens Fiction,29.82
ee61197edb882599,The Girl In The Ice (DCI Erika Foster #1),Mystery,15.85
adb5f51c2e2ab13f,Love Is a Mix Tape (Music #1),Music,18.03
d5e0526e1ab682a3,A Distant Mirror: The Calamitous 14th Century,History,14.58
8a6ec2761f91dad2,City of Ashes (The Mortal Instruments #2),Default,47.27
8a150fd8ff5d7686,History of Beauty,Art,10.29
0cb4856be3694a57,Holidays on Ice,Humor,51.07
2bc80eba94950873,The God Delusion,Add a comment,46.85
dd003e904727281a,The Exiled,Mystery,43.45
04e3de7ac35ec5cd,Between the World and Me,Nonfiction,56.91
06f6a57a6d532844,Kitchens of the Great Midwest,Fiction,57.2
feb7cc7701ecf901,Olio,Poetry,23.88
2f88b08bf0a0e367,First Steps for New Christians (Print Edition),Default,29.0
c4d9fce9eff3b8ba,Night (The Night Trilogy #1),Nonfiction,13.51
849db7ab7f4a640c,Paradise Lost (Paradise #1),Default,24.96
ccd9ffa25efabdea,Wall and Piece,Art,44.18
34c0d7c4ee5650af,The Year of Magical Thinking,Nonfiction,43.04
bc209a900101f28d,This Is Your Brain on Music: The Science of a Human Obsession,Music,38.4
5f22418922fa728b,Carrie,Default,46.23
b74ee891e2a6dd69,Leave This Song Behind: Teen Poetry at Its Best,Poetry,51.17
5dbd6ec4e154ad2f,A Visit from the Goon Squad,Default,14.08
90fa61229261140a,Tipping the Velvet,Historical Fiction,53.74
2b5054a4192e9b06,Why the Right Went Wrong: Conservatism--From Goldwater to the Tea Party and Beyond,Politics,52.65
89a89e76f3516357,A Clash of Kings (A Song of Ice and Fire #2),Add a comment,10.79
229cd6564bf0dce4,Shadow Rites (Jane Yellowrock #10),Fantasy,21.72
3661360c99719414,The Fault in Our Stars,Default,47.22
6edacfd1f8ebb9eb,The Darkest Lie,Young Adult,35.35
e88fb1c9397cfb27,The Song of Achilles,Add a comment,37.4
97187f5cf0385da3,"Fruits Basket, Vol. 9 (Fruits Basket #9)",Sequential Art,33.95
8585760646e3aa2a,Follow You Home,Horror,21.36
68008abf6409dfde,Playing from the Heart,Childrens,32.38
dac4b5847454fd9b,Memoirs of a Geisha,Fiction,49.67
047097293bb4d1c0,"Wonder Woman: Earth One, Volume One (Wonder Woman: Earth One #1)",Sequential Art,37.34
e958ae92f328c181,Red Dragon (Hannibal Lecter #1),Horror,23.37
9735c969c652dd89,What Happened on Beale Street (Secrets of the South Mysteries #2),Mystery,25.37
4416c474713ec1f5,A Time of Torment (Charlie Parker #14),Mystery,48.35
0651062381f0636a,The Regional Office Is Under Attack!,Fiction,51.36
ecdf73ee66c33b17,Reservations for Two,Romance,11.1
15ebd83e53d0391b,Being Mortal: Medicine and What Matters in the End,Nonfiction,55.06
